<advancedsettings>
  <cache>
    <buffermode>1</buffermode>
    <memorysize>644245094</memorysize>
    <readfactor>20</readfactor>
  </cache>
  <network>
    <curlclienttimeout>30</curlclienttimeout>
    <curllowspeedtime>20</curllowspeedtime>
    <curlretries>2</curlretries>
  </network>
  <video>
    <adjustrefreshrate>2</adjustrefreshrate>
    <pauseafterrefreshchange>2</pauseafterrefreshchange>
  </video>
  <videoplayer>
    <useomxplayer>false</useomxplayer>
    <adjustrefreshrate>2</adjustrefreshrate>
  </videoplayer>
</advancedsettings>
