<?xml version="1.0" encoding="UTF-8" standalone="yes"?>
<addon id="plugin.program.aka.kuro.wizard-1.2" name="Wizard By aka.kuro" version="1.2.0" provider-name="aka.kuro">
	<requires>
		<import addon="xbmc.python" version="3.0.0"/>
	</requires>
	<extension point="xbmc.python.pluginsource" library="addon.py">
		<provides>executable</provides>
	</extension>
	<extension point="xbmc.service" library="service.py" />
	<extension point="xbmc.addon.metadata">
		<summary lang="en_GB">Kodi Wizard</summary>
		<summary lang="es_ES">Asistente de Kodi</summary>
		<description lang="en_GB">Wizard for my build</description>
		<description lang="es_ES">Asistente para mis build</description>
		<disclaimer lang="en_GB"></disclaimer>
		<disclaimer lang="es_ES"></disclaimer>
		<language>es</language>
		<platform>all</platform>
		<license>GPL-2.0-or-later</license>
		<forum></forum>
		<website></website> 
		<email></email>
		<source></source>
		<news>
		</news>
		<assets>
				<icon>resources/icon.png</icon>
				<fanart>resources/fanart.png</fanart>
				<banner></banner>
				<clearlogo></clearlogo>
				<screenshot></screenshot>
		</assets>
	</extension>
</addon>